2018-05-01,ge pivotal software stake stand general electric disclosed stake pivotal software stand ge subsidiary sold nearly million pivotal share earlier month,1.0,1.0,0.099
2018-05-10,ge might still earnings problem jpmorgan c stephen tusa long time bear argues gap general electric gaap adjusted earnings getting wider,1.0,0.0,0.227
2018-05-14,general electric step buy one analyst explains initiated general electric dow worst performing stock buy rating today,1.0,0.0,0.204
2018-05-15,buffett buy ge stock warren buffett buy share general electric first quarter despite earlier report buy apple sell ibm stock though,1.0,1.0,0.099
2018-05-21,ge wabtec deal investor board general electric merge transportation unit wabtec news sending share company higher,1.0,1.0,0.128
2018-05-21,morning mover general electric jump transportation deal fifth third slump stock market look set roaring start morning china u trade tension ease general electric gain transportation deal fifth third bancorp slump merger agreement,1.0,1.0,0.231
2018-05-22,general electric stick stone dividend cut speculation hurt cautious analyst note industrial malaise weighing ge today,1.0,0.0,0.347
2018-05-23,general electric make promise dividend share general electric slumping presentation industry conference,1.0,1.0,0.31
2018-05-24,general electric right dividend yesterday ge tumbled fear would cut dividend today rallying report plan slash payout right,1.0,0.0,0.33
2018-05-30,ge still need billion capital jpmorgan argues general electric capital service yet another problem waiting rear head,1.0,0.0,0.261
2018-06-04,general electric may need billion cash jpmorgan reiterates worry ge liquidity anniversary ceo transition approach,1.0,0.0,0.172
2018-06-08,intraday update dow gain point ge rise stock rallied early morning loss push way positive territory philip morris gain dividend increase general electric rise keeping payout unchanged,1.0,1.0,0.343
2018-06-19,ge dropped dow like sack potato general electric booted dow next week,1.0,1.0,0.185
2018-06-27,ge getting groove back oppenheimer upgraded general electric buy,1.0,1.0,0.0
2018-06-27,ge revenge dow general electric share jumped cut dow gain stick,1.0,1.0,0.309
2018-06-27,morning mover ge gain general mill jump conagra sink dow jones industrial average erased overnight loss trump administration step limit chinese investment u proved le onerous expected also ge get upgrade general mill report earnings conagra make acquisition,1.0,1.0,0.084
2018-06-29,ge battered bond look like better bet stock bad news bondholder general electric longer triple credit good news bad news priced bond,1.0,1.0,0.322
2018-06-29,ge finally right ceo research firm impressed general electric ceo john flannery unvarnished truth telling,1.0,1.0,0.293
2018-06-29,ge well stock investment general electric stake neogenomics tellurian nearly,1.0,1.0,0.189
2018-07-12,hope ge three industrial stock buy deutsche bank upgraded general electric hold although emerson favorite industrial pick,1.0,1.0,0.282
2018-07-12,morning mover general electric gain delta fly dow bounce back dow jones industrial average rising morning amid sign full blown trade war avoided delta air line gain earnings general electric rise upgrade,1.0,1.0,0.165
2018-07-27,ge lead director buy million stock general electric lead director h lawrence culp jr bought million share troubled conglomerate open market,1.0,1.0,0.095
2018-07-31,general electric selling another major asset yahoo finance,0.0,0.0,0.3612
2018-07-31,breakfast technical briefing general electric three additional machinery stock,1.0,1.0,0.0
2018-07-31,apple federal reserve pfizer general electric cbs thing must know,1.0,1.0,0.0
2018-08-01,ignore general electric better stock,1.0,1.0,0.345
2018-08-07,general electric laying worker turbine plant associated,1.0,1.0,0.0
2018-08-08,brief bengang steel plate say general manager resigns due change job role,1.0,0.0,0.173
2018-08-09,general electric arm divest project finance debt business,1.0,0.0,0.263
2018-08-10,ralph lauren wynn resort chemours pulte michael general motor general electric highlighted zacks bull bear day,1.0,1.0,0.0
2018-08-10,general electric shareholder something worry,1.0,0.0,0.42
2018-08-14,tuesday vital data twitter general electric tesla,1.0,1.0,0.268
